{"cameraMode":{"drawMode":0,"name":"Shaded","section":"Shading Mode"},"sceneLighting":true,"audioPlay":false,"sceneViewState":{"m_AlwaysRefresh":false,"showFog":true,"showSkybox":true,"showFlares":true,"showImageEffects":true,"showParticleSystems":true,"showVisualEffectGraphs":true,"m_FxEnabled":true},"in2DMode":false,"pivot":{"x":703.1683959960938,"y":326.16912841796877,"z":305.11248779296877},"rotation":{"x":-0.10408086329698563,"y":0.13917560875415803,"z":-0.014713458716869355,"w":-0.9846774935722351},"size":547.917236328125,"orthographic":false}